{
  "ci_cluster": [
    0.9898612483658162,
    0.9946170442458653
  ],
  "ci_iid": [
    0.9845464412918968,
    0.9999318513197847
  ],
  "ci_temporal": [
    0.9835864549509511,
    1.0008918376607305
  ],
  "eq_cluster": true,
  "eq_iid": true,
  "eq_temporal": false,
  "mu_hat_cluster": 0.9922391463058408,
  "mu_hat_iid": 0.9922391463058408,
  "mu_hat_temporal": 0.9922391463058409,
  "notes": "",
  "ok_pattern": true,
  "params": {
    "_hac_lags": 40,
    "_meta": {
      "effect": {
        "delta": 0.9954220251498908,
        "delta_fn": null
      },
      "n_time": 364,
      "obs_sd": 0.10556540102750801,
      "process_sd": 0.7253985554828491,
      "rho": 0.9277388275567028,
      "series_per_arm": 3
    },
    "delta": 0.9954220251498908,
    "n_time": 364,
    "obs_sd": 0.10556540102750801,
    "process_sd": 0.7253985554828491,
    "rho": 0.9277388275567028,
    "seed": 4371,
    "series_per_arm": 3
  },
  "score": 0.0
}