{
  "baseline_global": true,
  "baseline_sd": 1.025637361511812,
  "delta": 0.9011542508591216,
  "meas_group_sd": 0.6736693271793124,
  "meas_shared": 0.7261061746423498,
  "n_groups": 14,
  "nugget_sd": 0.0540089386084039,
  "points_per_group": 183
}